[
  {
    "parent": "00000000-0000-4000-8000-000000000000",
    "environment_trumps": false,
    "name": "All Nodes",
    "rule": [
      "and",
      [
        "~",
        "name",
        ".*"
      ]
    ],
    "variables": {
    },
    "id": "00000000-0000-4000-8000-000000000000",
    "environment": "production",
    "classes": {
    }
  },
  {
    "parent": "00000000-0000-4000-8000-000000000000",
    "environment_trumps": false,
    "name": "PE Infrastructure",
    "variables": {
    },
    "id": "043293e5-5a1d-4408-acca-041ed12df5bf",
    "environment": "production",
    "classes": {
      "puppet_enterprise": {
        "certificate_authority_host": "[PUPPETHOSTNAME]",
        "console_host": "[PUPPETHOSTNAME]",
        "database_host": "[PUPPETHOSTNAME]",
        "mcollective_middleware_hosts": [
          "[PUPPETHOSTNAME]"
        ],
        "pcp_broker_host": "[PUPPETHOSTNAME]",
        "puppetdb_host": "[PUPPETHOSTNAME]",
        "puppet_master_host": "[PUPPETHOSTNAME]"
      }
    }
  },
  {
    "parent": "043293e5-5a1d-4408-acca-041ed12df5bf",
    "environment_trumps": false,
    "name": "PE Console",
    "rule": [
      "or",
      [
        "=",
        "name",
        "[PUPPETHOSTNAME]"
      ]
    ],
    "variables": {
    },
    "id": "1028f3d2-8bf6-4d9d-a0fd-b3a2b869b5e7",
    "environment": "production",
    "classes": {
      "puppet_enterprise::profile::console": {
      },
      "puppet_enterprise::license": {
      }
    }
  },
  {
    "parent": "043293e5-5a1d-4408-acca-041ed12df5bf",
    "environment_trumps": false,
    "name": "PE Agent",
    "rule": [
      "and",
      [
        "=",
        [
          "fact",
          "clientname"
        ],
        "[CLIENTNAME]"
      ]
    ],
    "variables": {
    },
    "id": "387a21b8-8bb9-4742-b183-6d1a20082036",
    "environment": "production",
    "classes": {
      "puppet_enterprise::profile::agent": {
      }
    }
  },
  {
    "parent": "043293e5-5a1d-4408-acca-041ed12df5bf",
    "environment_trumps": false,
    "name": "PE Master",
    "rule": [
      "or",
      [
        "=",
        "name",
        "[PUPPETHOSTNAME]"
      ]
    ],
    "variables": {
    },
    "id": "3cb52274-3f36-4a85-ba98-2d1d8afc9832",
    "environment": "production",
    "classes": {
      "pe_repo": {
      },
      "pe_repo::platform::el_7_x86_64": {
      },
      "puppet_enterprise::profile::master": {
      },
      "puppet_enterprise::profile::master::mcollective": {
      },
      "puppet_enterprise::profile::mcollective::peadmin": {
      }
    }
  },
  {
    "parent": "043293e5-5a1d-4408-acca-041ed12df5bf",
    "environment_trumps": false,
    "name": "PE PuppetDB",
    "rule": [
      "or",
      [
        "=",
        "name",
        "[PUPPETHOSTNAME]"
      ]
    ],
    "variables": {
    },
    "id": "4e8f3e82-388f-4bc4-ac7d-6290e363e9ff",
    "environment": "production",
    "classes": {
      "puppet_enterprise::profile::puppetdb": {
      }
    }
  },
  {
    "parent": "043293e5-5a1d-4408-acca-041ed12df5bf",
    "environment_trumps": false,
    "name": "PE Certificate Authority",
    "rule": [
      "or",
      [
        "=",
        "name",
        "[PUPPETHOSTNAME]"
      ]
    ],
    "variables": {
    },
    "id": "814136de-85d8-4495-9c2e-4d0fb1a5e227",
    "environment": "production",
    "classes": {
      "puppet_enterprise::profile::certificate_authority": {
      }
    }
  },
  {
    "parent": "387a21b8-8bb9-4742-b183-6d1a20082036",
    "environment_trumps": false,
    "name": "PE Infrastructure Agent",
    "rule": [
      "and",
      [
        "~",
        [
          "fact",
          "pe_server_version"
        ],
        ".+"
      ]
    ],
    "variables": {
    },
    "id": "9ec050a4-6954-4ccf-a844-c5c5e04ce7d7",
    "environment": "production",
    "classes": {
      "puppet_enterprise::profile::agent": {
      }
    }
  },
  {
    "parent": "f088a88b-946f-4eff-ac51-04f705e6ed39",
    "environment_trumps": true,
    "name": "Agent-specified environment",
    "variables": {
    },
    "id": "b98ec33e-0302-46a6-b328-86caa7a2b934",
    "environment": "agent-specified",
    "classes": {
    }
  },
  {
    "parent": "043293e5-5a1d-4408-acca-041ed12df5bf",
    "environment_trumps": false,
    "name": "PE ActiveMQ Broker",
    "rule": [
      "or",
      [
        "=",
        "name",
        "[PUPPETHOSTNAME]"
      ]
    ],
    "variables": {
    },
    "id": "cb1bbc05-f240-4a86-93bd-34d5d3478cef",
    "environment": "production",
    "classes": {
      "puppet_enterprise::profile::amq::broker": {
      }
    }
  },
  {
    "parent": "043293e5-5a1d-4408-acca-041ed12df5bf",
    "environment_trumps": false,
    "name": "PE Orchestrator",
    "rule": [
      "or",
      [
        "=",
        "name",
        "[PUPPETHOSTNAME]"
      ]
    ],
    "variables": {
    },
    "id": "d7eb16a9-5b48-4045-909a-af081f4d4fbd",
    "environment": "production",
    "classes": {
      "puppet_enterprise::profile::orchestrator": {
      }
    }
  },
  {
    "parent": "00000000-0000-4000-8000-000000000000",
    "environment_trumps": true,
    "name": "Production environment",
    "variables": {
    },
    "id": "f088a88b-946f-4eff-ac51-04f705e6ed39",
    "environment": "production",
    "classes": {
    }
  },
  {
    "parent": "043293e5-5a1d-4408-acca-041ed12df5bf",
    "environment_trumps": false,
    "name": "PE MCollective",
    "rule": [
      "and",
      [
        "=",
        [
          "fact",
          "clientname"
        ],
        "[CLIENTNAME]"
      ]
    ],
    "variables": {
    },
    "id": "f11125d7-011e-4e47-a4c4-44f0f7dd4896",
    "environment": "production",
    "classes": {
      "puppet_enterprise::profile::mcollective::agent": {
      }
    }
  },
